{
  "results": [
    {
      "conversation_id": "conv-26",
      "total_qa": 199,
      "correct": 50,
      "accuracy": 0.25125628140703515,
      "by_category": {
        "multi_hop": {
          "total": 37,
          "correct": 1,
          "accuracy": 0.02702702702702703
        },
        "temporal": {
          "total": 13,
          "correct": 0,
          "accuracy": 0
        },
        "single_hop": {
          "total": 79,
          "correct": 5,
          "accuracy": 0.06329113924050633
        },
        "open_domain": {
          "total": 70,
          "correct": 44,
          "accuracy": 0.6285714285714286
        }
      },
      "avg_retrieval_ms": 871.8040201005025
    },
    {
      "conversation_id": "conv-30",
      "total_qa": 105,
      "correct": 27,
      "accuracy": 0.2571428571428571,
      "by_category": {
        "multi_hop": {
          "total": 26,
          "correct": 1,
          "accuracy": 0.038461538461538464
        },
        "open_domain": {
          "total": 44,
          "correct": 25,
          "accuracy": 0.5681818181818182
        },
        "single_hop": {
          "total": 35,
          "correct": 1,
          "accuracy": 0.02857142857142857
        }
      },
      "avg_retrieval_ms": 1114.4380952380952
    },
    {
      "conversation_id": "conv-41",
      "total_qa": 193,
      "correct": 64,
      "accuracy": 0.3316062176165803,
      "by_category": {
        "multi_hop": {
          "total": 27,
          "correct": 1,
          "accuracy": 0.037037037037037035
        },
        "single_hop": {
          "total": 72,
          "correct": 8,
          "accuracy": 0.1111111111111111
        },
        "temporal": {
          "total": 8,
          "correct": 0,
          "accuracy": 0
        },
        "open_domain": {
          "total": 86,
          "correct": 55,
          "accuracy": 0.6395348837209303
        }
      },
      "avg_retrieval_ms": 1129.1658031088082
    },
    {
      "conversation_id": "conv-42",
      "total_qa": 260,
      "correct": 73,
      "accuracy": 0.28076923076923077,
      "by_category": {
        "temporal": {
          "total": 11,
          "correct": 0,
          "accuracy": 0
        },
        "single_hop": {
          "total": 98,
          "correct": 3,
          "accuracy": 0.030612244897959183
        },
        "multi_hop": {
          "total": 40,
          "correct": 3,
          "accuracy": 0.075
        },
        "open_domain": {
          "total": 111,
          "correct": 67,
          "accuracy": 0.6036036036036037
        }
      },
      "avg_retrieval_ms": 7735.030769230769
    },
    {
      "conversation_id": "conv-43",
      "total_qa": 242,
      "correct": 74,
      "accuracy": 0.30578512396694213,
      "by_category": {
        "single_hop": {
          "total": 95,
          "correct": 5,
          "accuracy": 0.05263157894736842
        },
        "temporal": {
          "total": 14,
          "correct": 1,
          "accuracy": 0.07142857142857142
        },
        "multi_hop": {
          "total": 26,
          "correct": 2,
          "accuracy": 0.07692307692307693
        },
        "open_domain": {
          "total": 107,
          "correct": 66,
          "accuracy": 0.616822429906542
        }
      },
      "avg_retrieval_ms": 1063.2768595041323
    },
    {
      "conversation_id": "conv-44",
      "total_qa": 158,
      "correct": 55,
      "accuracy": 0.34810126582278483,
      "by_category": {
        "multi_hop": {
          "total": 24,
          "correct": 1,
          "accuracy": 0.041666666666666664
        },
        "single_hop": {
          "total": 65,
          "correct": 10,
          "accuracy": 0.15384615384615385
        },
        "temporal": {
          "total": 7,
          "correct": 0,
          "accuracy": 0
        },
        "open_domain": {
          "total": 62,
          "correct": 44,
          "accuracy": 0.7096774193548387
        }
      },
      "avg_retrieval_ms": 867.4177215189874
    },
    {
      "conversation_id": "conv-47",
      "total_qa": 190,
      "correct": 51,
      "accuracy": 0.26842105263157895,
      "by_category": {
        "temporal": {
          "total": 13,
          "correct": 0,
          "accuracy": 0
        },
        "multi_hop": {
          "total": 34,
          "correct": 0,
          "accuracy": 0
        },
        "single_hop": {
          "total": 60,
          "correct": 2,
          "accuracy": 0.03333333333333333
        },
        "open_domain": {
          "total": 83,
          "correct": 49,
          "accuracy": 0.5903614457831325
        }
      },
      "avg_retrieval_ms": 1084.6526315789474
    },
    {
      "conversation_id": "conv-48",
      "total_qa": 239,
      "correct": 72,
      "accuracy": 0.301255230125523,
      "by_category": {
        "multi_hop": {
          "total": 42,
          "correct": 7,
          "accuracy": 0.16666666666666666
        },
        "single_hop": {
          "total": 69,
          "correct": 2,
          "accuracy": 0.028985507246376812
        },
        "temporal": {
          "total": 10,
          "correct": 0,
          "accuracy": 0
        },
        "open_domain": {
          "total": 118,
          "correct": 63,
          "accuracy": 0.5338983050847458
        }
      },
      "avg_retrieval_ms": 972.5481171548117
    },
    {
      "conversation_id": "conv-49",
      "total_qa": 196,
      "correct": 54,
      "accuracy": 0.2755102040816326,
      "by_category": {
        "single_hop": {
          "total": 77,
          "correct": 2,
          "accuracy": 0.025974025974025976
        },
        "multi_hop": {
          "total": 33,
          "correct": 3,
          "accuracy": 0.09090909090909091
        },
        "temporal": {
          "total": 13,
          "correct": 1,
          "accuracy": 0.07692307692307693
        },
        "open_domain": {
          "total": 73,
          "correct": 48,
          "accuracy": 0.6575342465753424
        }
      },
      "avg_retrieval_ms": 1241.8979591836735
    },
    {
      "conversation_id": "conv-50",
      "total_qa": 204,
      "correct": 57,
      "accuracy": 0.27941176470588236,
      "by_category": {
        "multi_hop": {
          "total": 32,
          "correct": 1,
          "accuracy": 0.03125
        },
        "single_hop": {
          "total": 78,
          "correct": 4,
          "accuracy": 0.05128205128205128
        },
        "temporal": {
          "total": 7,
          "correct": 1,
          "accuracy": 0.14285714285714285
        },
        "open_domain": {
          "total": 87,
          "correct": 51,
          "accuracy": 0.5862068965517241
        }
      },
      "avg_retrieval_ms": 1235.186274509804
    }
  ],
  "timestamp": "2026-04-16T09:08:22.811Z"
}