{
  "results": [
    {
      "conversation_id": "conv-42",
      "total_qa": 260,
      "correct": 141,
      "accuracy": 0.5423076923076923,
      "f1_correct": 72,
      "f1_accuracy": 0.27692307692307694,
      "by_category": {
        "temporal": {
          "total": 11,
          "correct": 3,
          "f1Correct": 0,
          "accuracy": 0.2727272727272727,
          "f1Accuracy": 0
        },
        "single_hop": {
          "total": 37,
          "correct": 12,
          "f1Correct": 5,
          "accuracy": 0.32432432432432434,
          "f1Accuracy": 0.13513513513513514
        },
        "multi_hop": {
          "total": 40,
          "correct": 8,
          "f1Correct": 5,
          "accuracy": 0.2,
          "f1Accuracy": 0.125
        },
        "open_domain": {
          "total": 111,
          "correct": 62,
          "f1Correct": 62,
          "accuracy": 0.5585585585585585,
          "f1Accuracy": 0.5585585585585585
        },
        "adversarial": {
          "total": 61,
          "correct": 56,
          "f1Correct": 0,
          "accuracy": 0.9180327868852459,
          "f1Accuracy": 0
        }
      },
      "avg_retrieval_ms": 1468.5076923076922
    }
  ],
  "topK": 10,
  "useLLM": true,
  "timestamp": "2026-04-20T03:55:01.777Z"
}