{
  "results": [
    {
      "conversation_id": "conv-49",
      "total_qa": 196,
      "correct": 71,
      "accuracy": 0.3622448979591837,
      "f1_correct": 48,
      "f1_accuracy": 0.24489795918367346,
      "by_category": {
        "single_hop": {
          "total": 37,
          "correct": 7,
          "f1Correct": 2,
          "accuracy": 0.1891891891891892,
          "f1Accuracy": 0.05405405405405406
        },
        "multi_hop": {
          "total": 33,
          "correct": 5,
          "f1Correct": 3,
          "accuracy": 0.15151515151515152,
          "f1Accuracy": 0.09090909090909091
        },
        "temporal": {
          "total": 13,
          "correct": 3,
          "f1Correct": 1,
          "accuracy": 0.23076923076923078,
          "f1Accuracy": 0.07692307692307693
        },
        "open_domain": {
          "total": 73,
          "correct": 42,
          "f1Correct": 42,
          "accuracy": 0.5753424657534246,
          "f1Accuracy": 0.5753424657534246
        },
        "adversarial": {
          "total": 40,
          "correct": 14,
          "f1Correct": 0,
          "accuracy": 0.35,
          "f1Accuracy": 0
        }
      },
      "avg_retrieval_ms": 1804.5204081632653
    }
  ],
  "topK": 10,
  "useLLM": true,
  "timestamp": "2026-04-19T06:54:41.963Z"
}