{
  "results": [
    {
      "conversation_id": "conv-26",
      "total_qa": 199,
      "correct": 99,
      "accuracy": 0.49748743718592964,
      "f1_correct": 48,
      "f1_accuracy": 0.24120603015075376,
      "by_category": {
        "multi_hop": {
          "total": 37,
          "correct": 5,
          "f1Correct": 1,
          "accuracy": 0.13513513513513514,
          "f1Accuracy": 0.02702702702702703
        },
        "temporal": {
          "total": 13,
          "correct": 1,
          "f1Correct": 0,
          "accuracy": 0.07692307692307693,
          "f1Accuracy": 0
        },
        "single_hop": {
          "total": 32,
          "correct": 8,
          "f1Correct": 5,
          "accuracy": 0.25,
          "f1Accuracy": 0.15625
        },
        "open_domain": {
          "total": 70,
          "correct": 48,
          "f1Correct": 42,
          "accuracy": 0.6857142857142857,
          "f1Accuracy": 0.6
        },
        "adversarial": {
          "total": 47,
          "correct": 37,
          "f1Correct": 0,
          "accuracy": 0.7872340425531915,
          "f1Accuracy": 0
        }
      },
      "avg_retrieval_ms": 1372.4422110552764
    }
  ],
  "topK": 10,
  "useLLM": true,
  "timestamp": "2026-04-18T18:49:44.027Z"
}