{
  "results": [
    {
      "conversation_id": "conv-26",
      "total_qa": 199,
      "correct": 98,
      "accuracy": 0.49246231155778897,
      "f1_correct": 52,
      "f1_accuracy": 0.2613065326633166,
      "by_category": {
        "multi_hop": {
          "total": 37,
          "correct": 10,
          "f1Correct": 1,
          "accuracy": 0.2702702702702703,
          "f1Accuracy": 0.02702702702702703
        },
        "temporal": {
          "total": 13,
          "correct": 0,
          "f1Correct": 0,
          "accuracy": 0,
          "f1Accuracy": 0
        },
        "single_hop": {
          "total": 32,
          "correct": 4,
          "f1Correct": 5,
          "accuracy": 0.125,
          "f1Accuracy": 0.15625
        },
        "open_domain": {
          "total": 70,
          "correct": 45,
          "f1Correct": 46,
          "accuracy": 0.6428571428571429,
          "f1Accuracy": 0.6571428571428571
        },
        "adversarial": {
          "total": 47,
          "correct": 39,
          "f1Correct": 0,
          "accuracy": 0.8297872340425532,
          "f1Accuracy": 0
        }
      },
      "avg_retrieval_ms": 1655.0452261306532
    }
  ],
  "topK": 10,
  "useLLM": true,
  "timestamp": "2026-04-19T13:18:06.621Z"
}