{
  "results": [
    {
      "conversation_id": "conv-42",
      "total_qa": 260,
      "correct": 121,
      "accuracy": 0.4653846153846154,
      "f1_correct": 68,
      "f1_accuracy": 0.26153846153846155,
      "by_category": {
        "temporal": {
          "total": 11,
          "correct": 1,
          "f1Correct": 0,
          "accuracy": 0.09090909090909091,
          "f1Accuracy": 0
        },
        "single_hop": {
          "total": 37,
          "correct": 6,
          "f1Correct": 3,
          "accuracy": 0.16216216216216217,
          "f1Accuracy": 0.08108108108108109
        },
        "multi_hop": {
          "total": 40,
          "correct": 8,
          "f1Correct": 3,
          "accuracy": 0.2,
          "f1Accuracy": 0.075
        },
        "open_domain": {
          "total": 111,
          "correct": 56,
          "f1Correct": 62,
          "accuracy": 0.5045045045045045,
          "f1Accuracy": 0.5585585585585585
        },
        "adversarial": {
          "total": 61,
          "correct": 50,
          "f1Correct": 0,
          "accuracy": 0.819672131147541,
          "f1Accuracy": 0
        }
      },
      "avg_retrieval_ms": 1319.076923076923
    }
  ],
  "topK": 10,
  "useLLM": true,
  "timestamp": "2026-04-18T21:56:31.716Z"
}