{
  "results": [
    {
      "conversation_id": "conv-50",
      "total_qa": 204,
      "correct": 109,
      "accuracy": 0.5343137254901961,
      "f1_correct": 67,
      "f1_accuracy": 0.3284313725490196,
      "by_category": {
        "multi_hop": {
          "total": 32,
          "correct": 3,
          "f1Correct": 1,
          "accuracy": 0.09375,
          "f1Accuracy": 0.03125
        },
        "single_hop": {
          "total": 32,
          "correct": 9,
          "f1Correct": 5,
          "accuracy": 0.28125,
          "f1Accuracy": 0.15625
        },
        "temporal": {
          "total": 7,
          "correct": 4,
          "f1Correct": 1,
          "accuracy": 0.5714285714285714,
          "f1Accuracy": 0.14285714285714285
        },
        "open_domain": {
          "total": 87,
          "correct": 61,
          "f1Correct": 60,
          "accuracy": 0.7011494252873564,
          "f1Accuracy": 0.6896551724137931
        },
        "adversarial": {
          "total": 46,
          "correct": 32,
          "f1Correct": 0,
          "accuracy": 0.6956521739130435,
          "f1Accuracy": 0
        }
      },
      "avg_retrieval_ms": 1622.8186274509803
    }
  ],
  "topK": 10,
  "useLLM": true,
  "timestamp": "2026-04-20T04:59:25.679Z"
}