{
  "results": [
    {
      "conversation_id": "conv-43",
      "total_qa": 242,
      "correct": 108,
      "accuracy": 0.4462809917355372,
      "f1_correct": 74,
      "f1_accuracy": 0.30578512396694213,
      "by_category": {
        "single_hop": {
          "total": 31,
          "correct": 6,
          "f1Correct": 5,
          "accuracy": 0.1935483870967742,
          "f1Accuracy": 0.16129032258064516
        },
        "temporal": {
          "total": 14,
          "correct": 1,
          "f1Correct": 1,
          "accuracy": 0.07142857142857142,
          "f1Accuracy": 0.07142857142857142
        },
        "multi_hop": {
          "total": 26,
          "correct": 2,
          "f1Correct": 2,
          "accuracy": 0.07692307692307693,
          "f1Accuracy": 0.07692307692307693
        },
        "open_domain": {
          "total": 107,
          "correct": 59,
          "f1Correct": 66,
          "accuracy": 0.5514018691588785,
          "f1Accuracy": 0.616822429906542
        },
        "adversarial": {
          "total": 64,
          "correct": 40,
          "f1Correct": 0,
          "accuracy": 0.625,
          "f1Accuracy": 0
        }
      },
      "avg_retrieval_ms": 1235.5578512396694
    }
  ],
  "topK": 10,
  "useLLM": true,
  "timestamp": "2026-04-18T21:20:12.215Z"
}