{
  "results": [
    {
      "conversation_id": "conv-26",
      "total_qa": 199,
      "correct": 88,
      "accuracy": 0.44221105527638194,
      "f1_correct": 50,
      "f1_accuracy": 0.25125628140703515,
      "by_category": {
        "multi_hop": {
          "total": 37,
          "correct": 7,
          "f1Correct": 1,
          "accuracy": 0.1891891891891892,
          "f1Accuracy": 0.02702702702702703
        },
        "temporal": {
          "total": 13,
          "correct": 0,
          "f1Correct": 0,
          "accuracy": 0,
          "f1Accuracy": 0
        },
        "single_hop": {
          "total": 32,
          "correct": 4,
          "f1Correct": 5,
          "accuracy": 0.125,
          "f1Accuracy": 0.15625
        },
        "open_domain": {
          "total": 70,
          "correct": 39,
          "f1Correct": 44,
          "accuracy": 0.5571428571428572,
          "f1Accuracy": 0.6285714285714286
        },
        "adversarial": {
          "total": 47,
          "correct": 38,
          "f1Correct": 0,
          "accuracy": 0.8085106382978723,
          "f1Accuracy": 0
        }
      },
      "avg_retrieval_ms": 1952.7738693467336
    }
  ],
  "topK": 10,
  "useLLM": true,
  "timestamp": "2026-04-18T15:52:46.364Z"
}