{
  "results": [
    {
      "conversation_id": "conv-48",
      "total_qa": 239,
      "correct": 134,
      "accuracy": 0.5606694560669456,
      "f1_correct": 87,
      "f1_accuracy": 0.36401673640167365,
      "by_category": {
        "multi_hop": {
          "total": 42,
          "correct": 7,
          "f1Correct": 8,
          "accuracy": 0.16666666666666666,
          "f1Accuracy": 0.19047619047619047
        },
        "single_hop": {
          "total": 21,
          "correct": 8,
          "f1Correct": 4,
          "accuracy": 0.38095238095238093,
          "f1Accuracy": 0.19047619047619047
        },
        "temporal": {
          "total": 10,
          "correct": 3,
          "f1Correct": 1,
          "accuracy": 0.3,
          "f1Accuracy": 0.1
        },
        "open_domain": {
          "total": 118,
          "correct": 69,
          "f1Correct": 74,
          "accuracy": 0.5847457627118644,
          "f1Accuracy": 0.6271186440677966
        },
        "adversarial": {
          "total": 48,
          "correct": 47,
          "f1Correct": 0,
          "accuracy": 0.9791666666666666,
          "f1Accuracy": 0
        }
      },
      "avg_retrieval_ms": 1713.0167364016736
    }
  ],
  "topK": 10,
  "useLLM": true,
  "timestamp": "2026-04-19T12:59:52.785Z"
}