{
  "results": [
    {
      "conversation_id": "conv-49",
      "total_qa": 196,
      "correct": 100,
      "accuracy": 0.5102040816326531,
      "f1_correct": 72,
      "f1_accuracy": 0.3673469387755102,
      "by_category": {
        "single_hop": {
          "total": 37,
          "correct": 17,
          "f1Correct": 13,
          "accuracy": 0.4594594594594595,
          "f1Accuracy": 0.35135135135135137
        },
        "multi_hop": {
          "total": 33,
          "correct": 5,
          "f1Correct": 7,
          "accuracy": 0.15151515151515152,
          "f1Accuracy": 0.21212121212121213
        },
        "temporal": {
          "total": 13,
          "correct": 3,
          "f1Correct": 2,
          "accuracy": 0.23076923076923078,
          "f1Accuracy": 0.15384615384615385
        },
        "open_domain": {
          "total": 73,
          "correct": 39,
          "f1Correct": 50,
          "accuracy": 0.5342465753424658,
          "f1Accuracy": 0.684931506849315
        },
        "adversarial": {
          "total": 40,
          "correct": 36,
          "f1Correct": 0,
          "accuracy": 0.9,
          "f1Accuracy": 0
        }
      },
      "avg_retrieval_ms": 1521.0510204081634
    }
  ],
  "topK": 10,
  "useLLM": true,
  "timestamp": "2026-04-19T11:32:15.751Z"
}