{
  "results": [
    {
      "conversation_id": "conv-42",
      "total_qa": 260,
      "correct": 137,
      "accuracy": 0.5269230769230769,
      "f1_correct": 73,
      "f1_accuracy": 0.28076923076923077,
      "by_category": {
        "temporal": {
          "total": 11,
          "correct": 1,
          "f1Correct": 0,
          "accuracy": 0.09090909090909091,
          "f1Accuracy": 0
        },
        "single_hop": {
          "total": 37,
          "correct": 13,
          "f1Correct": 6,
          "accuracy": 0.35135135135135137,
          "f1Accuracy": 0.16216216216216217
        },
        "multi_hop": {
          "total": 40,
          "correct": 8,
          "f1Correct": 5,
          "accuracy": 0.2,
          "f1Accuracy": 0.125
        },
        "open_domain": {
          "total": 111,
          "correct": 59,
          "f1Correct": 62,
          "accuracy": 0.5315315315315315,
          "f1Accuracy": 0.5585585585585585
        },
        "adversarial": {
          "total": 61,
          "correct": 56,
          "f1Correct": 0,
          "accuracy": 0.9180327868852459,
          "f1Accuracy": 0
        }
      },
      "avg_retrieval_ms": 1520.2153846153847
    }
  ],
  "topK": 10,
  "useLLM": true,
  "timestamp": "2026-04-19T11:53:10.928Z"
}