{
  "results": [
    {
      "conversation_id": "conv-41",
      "total_qa": 193,
      "correct": 114,
      "accuracy": 0.5906735751295337,
      "f1_correct": 69,
      "f1_accuracy": 0.35751295336787564,
      "by_category": {
        "multi_hop": {
          "total": 27,
          "correct": 4,
          "f1Correct": 3,
          "accuracy": 0.14814814814814814,
          "f1Accuracy": 0.1111111111111111
        },
        "single_hop": {
          "total": 31,
          "correct": 13,
          "f1Correct": 12,
          "accuracy": 0.41935483870967744,
          "f1Accuracy": 0.3870967741935484
        },
        "temporal": {
          "total": 8,
          "correct": 1,
          "f1Correct": 1,
          "accuracy": 0.125,
          "f1Accuracy": 0.125
        },
        "open_domain": {
          "total": 86,
          "correct": 57,
          "f1Correct": 53,
          "accuracy": 0.6627906976744186,
          "f1Accuracy": 0.6162790697674418
        },
        "adversarial": {
          "total": 41,
          "correct": 39,
          "f1Correct": 0,
          "accuracy": 0.9512195121951219,
          "f1Accuracy": 0
        }
      },
      "avg_retrieval_ms": 1617.2642487046633
    }
  ],
  "topK": 10,
  "useLLM": true,
  "timestamp": "2026-04-19T15:37:27.217Z"
}