{
  "results": [
    {
      "conversation_id": "conv-49",
      "total_qa": 196,
      "correct": 119,
      "accuracy": 0.6071428571428571,
      "f1_correct": 83,
      "f1_accuracy": 0.42346938775510207,
      "by_category": {
        "single_hop": {
          "total": 37,
          "correct": 18,
          "f1Correct": 13,
          "accuracy": 0.4864864864864865,
          "f1Accuracy": 0.35135135135135137
        },
        "multi_hop": {
          "total": 33,
          "correct": 8,
          "f1Correct": 5,
          "accuracy": 0.24242424242424243,
          "f1Accuracy": 0.15151515151515152
        },
        "temporal": {
          "total": 13,
          "correct": 6,
          "f1Correct": 3,
          "accuracy": 0.46153846153846156,
          "f1Accuracy": 0.23076923076923078
        },
        "open_domain": {
          "total": 73,
          "correct": 51,
          "f1Correct": 62,
          "accuracy": 0.6986301369863014,
          "f1Accuracy": 0.8493150684931506
        },
        "adversarial": {
          "total": 40,
          "correct": 36,
          "f1Correct": 0,
          "accuracy": 0.9,
          "f1Accuracy": 0
        }
      },
      "avg_retrieval_ms": 2058.234693877551
    }
  ],
  "topK": 10,
  "useLLM": true,
  "timestamp": "2026-04-20T15:31:00.425Z"
}