{
  "results": [
    {
      "conversation_id": "conv-26",
      "total_qa": 199,
      "correct": 52,
      "accuracy": 0.2613065326633166,
      "by_category": {
        "multi_hop": {
          "total": 37,
          "correct": 1,
          "accuracy": 0.02702702702702703
        },
        "temporal": {
          "total": 13,
          "correct": 0,
          "accuracy": 0
        },
        "single_hop": {
          "total": 32,
          "correct": 5,
          "accuracy": 0.15625
        },
        "open_domain": {
          "total": 70,
          "correct": 46,
          "accuracy": 0.6571428571428571
        },
        "adversarial": {
          "total": 47,
          "correct": 0,
          "accuracy": 0
        }
      },
      "avg_retrieval_ms": 1123.7587939698492
    },
    {
      "conversation_id": "conv-30",
      "total_qa": 105,
      "correct": 29,
      "accuracy": 0.2761904761904762,
      "by_category": {
        "multi_hop": {
          "total": 26,
          "correct": 1,
          "accuracy": 0.038461538461538464
        },
        "open_domain": {
          "total": 44,
          "correct": 26,
          "accuracy": 0.5909090909090909
        },
        "single_hop": {
          "total": 11,
          "correct": 2,
          "accuracy": 0.18181818181818182
        },
        "adversarial": {
          "total": 24,
          "correct": 0,
          "accuracy": 0
        }
      },
      "avg_retrieval_ms": 1093.0761904761905
    },
    {
      "conversation_id": "conv-41",
      "total_qa": 193,
      "correct": 66,
      "accuracy": 0.34196891191709844,
      "by_category": {
        "multi_hop": {
          "total": 27,
          "correct": 1,
          "accuracy": 0.037037037037037035
        },
        "single_hop": {
          "total": 31,
          "correct": 9,
          "accuracy": 0.2903225806451613
        },
        "temporal": {
          "total": 8,
          "correct": 0,
          "accuracy": 0
        },
        "open_domain": {
          "total": 86,
          "correct": 56,
          "accuracy": 0.6511627906976745
        },
        "adversarial": {
          "total": 41,
          "correct": 0,
          "accuracy": 0
        }
      },
      "avg_retrieval_ms": 1201.6165803108809
    }
  ],
  "topK": 10,
  "timestamp": "2026-04-17T07:58:12.507Z"
}