{
  "results": [
    {
      "conversation_id": "conv-26",
      "total_qa": 199,
      "correct": 50,
      "accuracy": 0.25125628140703515,
      "by_category": {
        "multi_hop": {
          "total": 37,
          "correct": 1,
          "accuracy": 0.02702702702702703
        },
        "temporal": {
          "total": 13,
          "correct": 0,
          "accuracy": 0
        },
        "single_hop": {
          "total": 32,
          "correct": 5,
          "accuracy": 0.15625
        },
        "open_domain": {
          "total": 70,
          "correct": 44,
          "accuracy": 0.6285714285714286
        },
        "adversarial": {
          "total": 47,
          "correct": 0,
          "accuracy": 0
        }
      },
      "avg_retrieval_ms": 1078.0452261306532
    },
    {
      "conversation_id": "conv-30",
      "total_qa": 105,
      "correct": 27,
      "accuracy": 0.2571428571428571,
      "by_category": {
        "multi_hop": {
          "total": 26,
          "correct": 1,
          "accuracy": 0.038461538461538464
        },
        "open_domain": {
          "total": 44,
          "correct": 25,
          "accuracy": 0.5681818181818182
        },
        "single_hop": {
          "total": 11,
          "correct": 1,
          "accuracy": 0.09090909090909091
        },
        "adversarial": {
          "total": 24,
          "correct": 0,
          "accuracy": 0
        }
      },
      "avg_retrieval_ms": 1087.8285714285714
    },
    {
      "conversation_id": "conv-41",
      "total_qa": 193,
      "correct": 64,
      "accuracy": 0.3316062176165803,
      "by_category": {
        "multi_hop": {
          "total": 27,
          "correct": 1,
          "accuracy": 0.037037037037037035
        },
        "single_hop": {
          "total": 31,
          "correct": 8,
          "accuracy": 0.25806451612903225
        },
        "temporal": {
          "total": 8,
          "correct": 0,
          "accuracy": 0
        },
        "open_domain": {
          "total": 86,
          "correct": 55,
          "accuracy": 0.6395348837209303
        },
        "adversarial": {
          "total": 41,
          "correct": 0,
          "accuracy": 0
        }
      },
      "avg_retrieval_ms": 1078.2642487046633
    }
  ],
  "topK": 5,
  "timestamp": "2026-04-17T07:19:00.158Z"
}